"subID","genotype"
"subject1","2"
"subject2","1"
"subject3","0"
"subject4","2"
"subject5","0"
"subject6","0"
"subject7","0"
"subject8","2"
"subject9","1"
"subject10",""
"subject11","1"
"subject12","0"
"subject13","0"
"subject14","0"
"subject15","0"
"subject16","1"
"subject17","1"
"subject18","2"
"subject19","1"
"subject20","1"
"subject21","2"
"subject22","0"
"subject23","0"
"subject24","0"
"subject25","2"
"subject26","1"
"subject27","0"
"subject28","0"
"subject29","2"
"subject30","0"
"subject31","1"
"subject32","1"
"subject33","0"
"subject34","0"
"subject35","2"
"subject36","2"
"subject37","0"
"subject38","1"
"subject39","1"
"subject40","1"
"subject41","2"
"subject42","1"
"subject43","1"
"subject44","2"
"subject45","1"
"subject46","1"
"subject47","1"
"subject48","1"
"subject49","0"
"subject50","1"
"subject51","0"
"subject52","1"
"subject53","2"
"subject54","0"
"subject55","2"
"subject56","1"
"subject57","2"
"subject58","0"
"subject59","1"
"subject60","0"
"subject61","9999"
"subject62","1"
"subject63","1"
"subject64","1"
"subject65","1"
"subject66","1"
"subject67","2"
"subject68","2"
"subject69","1"
"subject70","2"
"subject71","1"
"subject72","0"
"subject73","0"
"subject74","1"
"subject75","0"
"subject76","1"
"subject77","2"
"subject78","9999"
"subject79","1"
"subject80","2"
"subject81","0"
"subject82","1"
"subject83","1"
"subject84","2"
"subject85","1"
"subject86","0"
"subject87","2"
"subject88","0"
"subject89","2"
"subject90","1"
"subject91","0"
"subject92","1"
"subject93","1"
"subject94","2"
"subject95","0"
"subject96","1"
"subject97","2"
"subject98","0"
"subject99","2"
"subject100","0"
"subject101","2"
"subject102","0"
"subject103","1"
"subject104","1"
"subject105",""
"subject106","2"
"subject107","0"
"subject108","0"
"subject109","1"
"subject110","0"
"subject111","1"
"subject112","0"
"subject113","1"
"subject114","0"
"subject115","0"
"subject116","0"
"subject117","0"
"subject118","2"
"subject119","2"
"subject120","0"
"subject121","0"
"subject122","1"
"subject123","1"
"subject124","1"
"subject125","0"
"subject126","1"
"subject127","1"
"subject128","1"
"subject129","0"
"subject130","missing"
"subject131","1"
"subject132","1"
"subject133","2"
"subject134","1"
"subject135","1"
"subject136","0"
"subject137","2"
"subject138","0"
"subject139","2"
"subject140","1"
"subject141","1"
"subject142","1"
"subject143","missing"
"subject144","2"
"subject145","2"
"subject146","0"
"subject147","0"
"subject148","2"
"subject149","0"
"subject150","1"
"subject151","1"
"subject152","1"
"subject153","0"
"subject154","1"
"subject155","1"
"subject156","2"
"subject157","0"
"subject158","2"
"subject159","0"
"subject160","1"
"subject161","0"
"subject162","1"
"subject163","2"
"subject164","2"
"subject165","2"
"subject166","0"
"subject167","2"
"subject168","0"
"subject169","0"
"subject170","1"
"subject171","1"
"subject172","0"
"subject173","2"
"subject174","1"
"subject175","0"
"subject176","0"
"subject177","2"
"subject178","2"
"subject179","1"
"subject180","0"
"subject181","1"
"subject182","2"
"subject183","1"
"subject184","2"
"subject185","1"
"subject186","0"
"subject187","1"
"subject188","0"
"subject189","0"
"subject190","1"
"subject191","0"
"subject192","1"
"subject193","2"
"subject194","0"
"subject195","2"
"subject196","0"
"subject197","0"
"subject198","2"
"subject199","2"
"subject200","0"
"subject201","2"
"subject202","1"
"subject203","1"
"subject204","0"
"subject205","0"
"subject206","1"
"subject207","1"
"subject208","1"
"subject209","2"
"subject210","1"
"subject211","1"
"subject212","2"
"subject213","0"
"subject214","2"
"subject215","1"
"subject216","1"
"subject217","1"
"subject218","1"
"subject219","1"
"subject220","0"
"subject221","0"
"subject222","0"
"subject223","1"
"subject224","1"
"subject225","2"
"subject226","2"
"subject227","2"
"subject228","2"
"subject229","0"
"subject230","1"
"subject231","0"
"subject232","2"
"subject233","2"
"subject234","0"
"subject235","missing"
"subject236","2"
"subject237","2"
"subject238","0"
"subject239","1"
"subject240","2"
"subject241","2"
"subject242","2"
"subject243","0"
"subject244","1"
"subject245","1"
"subject246","0"
"subject247","1"
"subject248","1"
"subject249","1"
"subject250","2"
"subject251","1"
"subject252","1"
"subject253","2"
"subject254","1"
"subject255","1"
"subject256","1"
"subject257","1"
"subject258","1"
"subject259","1"
"subject260","1"
"subject261","1"
"subject262","1"
"subject263","2"
"subject264","1"
"subject265","2"
"subject266","0"
"subject267","1"
"subject268","0"
"subject269","1"
"subject270","0"
"subject271","2"
"subject272","1"
"subject273","2"
"subject274","2"
"subject275","1"
"subject276","0"
"subject277","1"
"subject278","2"
"subject279","1"
"subject280","2"
"subject281","2"
"subject282","2"
"subject283","0"
"subject284","1"
"subject285","0"
"subject286","1"
"subject287","0"
"subject288","1"
"subject289","1"
"subject290","0"
"subject291","0"
"subject292","0"
"subject293","1"
"subject294","2"
"subject295","1"
"subject296","0"
"subject297","2"
"subject298","1"
"subject299","1"
"subject300","2"
"subject301","1"
"subject302","1"
"subject303","1"
"subject304","1"
"subject305","1"
"subject306","0"
"subject307","1"
"subject308","0"
"subject309","1"
"subject310","1"
"subject311","0"
"subject312","2"
"subject313","1"
"subject314","2"
"subject315","2"
"subject316","1"
"subject317","1"
"subject318","1"
"subject319","1"
"subject320","missing"
"subject321","1"
"subject322","0"
"subject323","1"
"subject324","1"
"subject325","1"
"subject326","0"
"subject327","1"
"subject328","0"
"subject329","1"
"subject330","2"
"subject331","2"
"subject332","2"
"subject333","2"
"subject334","2"
"subject335","2"
"subject336","2"
"subject337","1"
"subject338","0"
"subject339","1"
"subject340","1"
"subject341","0"
"subject342","2"
"subject343","2"
"subject344","0"
"subject345","2"
"subject346","2"
"subject347","0"
"subject348","0"
"subject349","2"
"subject350","1"
